<metadata xml:lang="en"><Esri><CreaDate>20250214</CreaDate><CreaTime>14342400</CreaTime><ArcGISFormat>1.0</ArcGISFormat><SyncOnce>FALSE</SyncOnce><DataProperties><itemProps><imsContentType Sync="TRUE" export="False">002</imsContentType><itemName Sync="TRUE">MUIRBURNPEATLAND_SCOTLAND</itemName><nativeExtBox><westBL Sync="TRUE">54300.000000</westBL><eastBL Sync="TRUE">469700.000000</eastBL><southBL Sync="TRUE">530250.000000</southBL><northBL Sync="TRUE">1219750.000000</northBL><exTypeCode Sync="TRUE">1</exTypeCode></nativeExtBox><itemLocation><linkage Sync="TRUE">file://\\GIGVM03\C$\temp\s3uploads\muirburnpeatland\shp\MUIRBURNPEATLAND_SCOTLAND.shp</linkage><protocol Sync="TRUE">Local Area Network</protocol></itemLocation><itemSize Sync="TRUE">0.000</itemSize></itemProps><coordRef><type Sync="TRUE">Projected</type><geogcsn Sync="TRUE">GCS_OSGB_1936</geogcsn><csUnits Sync="TRUE">Linear Unit: Meter (1.000000)</csUnits><projcsn Sync="TRUE">British_National_Grid</projcsn><peXml Sync="TRUE">&lt;ProjectedCoordinateSystem xsi:type='typens:ProjectedCoordinateSystem' xmlns:xsi='http://www.w3.org/2001/XMLSchema-instance' xmlns:xs='http://www.w3.org/2001/XMLSchema' xmlns:typens='http://www.esri.com/schemas/ArcGIS/2.9.0'&gt;&lt;WKT&gt;PROJCS[&amp;quot;British_National_Grid&amp;quot;,GEOGCS[&amp;quot;GCS_OSGB_1936&amp;quot;,DATUM[&amp;quot;D_OSGB_1936&amp;quot;,SPHEROID[&amp;quot;Airy_1830&amp;quot;,6377563.396,299.3249646]],PRIMEM[&amp;quot;Greenwich&amp;quot;,0.0],UNIT[&amp;quot;Degree&amp;quot;,0.0174532925199433]],PROJECTION[&amp;quot;Transverse_Mercator&amp;quot;],PARAMETER[&amp;quot;False_Easting&amp;quot;,400000.0],PARAMETER[&amp;quot;False_Northing&amp;quot;,-100000.0],PARAMETER[&amp;quot;Central_Meridian&amp;quot;,-2.0],PARAMETER[&amp;quot;Scale_Factor&amp;quot;,0.9996012717],PARAMETER[&amp;quot;Latitude_Of_Origin&amp;quot;,49.0],UNIT[&amp;quot;Meter&amp;quot;,1.0],AUTHORITY[&amp;quot;EPSG&amp;quot;,27700]]&lt;/WKT&gt;&lt;XOrigin&gt;-5220400&lt;/XOrigin&gt;&lt;YOrigin&gt;-15524400&lt;/YOrigin&gt;&lt;XYScale&gt;450481592.76709664&lt;/XYScale&gt;&lt;ZOrigin&gt;-100000&lt;/ZOrigin&gt;&lt;ZScale&gt;10000&lt;/ZScale&gt;&lt;MOrigin&gt;-100000&lt;/MOrigin&gt;&lt;MScale&gt;10000&lt;/MScale&gt;&lt;XYTolerance&gt;0.001&lt;/XYTolerance&gt;&lt;ZTolerance&gt;0.001&lt;/ZTolerance&gt;&lt;MTolerance&gt;0.001&lt;/MTolerance&gt;&lt;HighPrecision&gt;true&lt;/HighPrecision&gt;&lt;WKID&gt;27700&lt;/WKID&gt;&lt;LatestWKID&gt;27700&lt;/LatestWKID&gt;&lt;/ProjectedCoordinateSystem&gt;</peXml></coordRef><lineage><Process ToolSource="c:\arcgis\arcpro\Resources\ArcToolbox\toolboxes\Data Management Tools.tbx\RepairGeometry" Date="20250214" Time="172541">RepairGeometry MBM2025_SCOTLAND_27700 DELETE_NULL Esri</Process><Process ToolSource="c:\arcgis\arcpro\Resources\ArcToolbox\toolboxes\Conversion Tools.tbx\FeatureClassToFeatureClass" Date="20250217" Time="095833">FeatureClassToFeatureClass "Muirburn Peatland Map 2025" "C:\Users\INGB1\AppData\Roaming\ESRI\ArcGISPro\Favorites\osmmt - GIS_SNH_OWNER.sde" MUIRBURN_PEATLAND_2025_POLY # "Id "Id" true true false 10 Long 0 10,First,#,Muirburn Peatland Map 2025,Id,-1,-1;gridcode "gridcode" true true false 10 Long 0 10,First,#,Muirburn Peatland Map 2025,gridcode,-1,-1;peat_cls "peat_cls" true true false 50 Text 0 0,First,#,Muirburn Peatland Map 2025,peat_cls,0,50" DEFAULTS</Process><Process ToolSource="c:\arcgis\arcpro\Resources\ArcToolbox\toolboxes\Conversion Tools.tbx\FeatureClassToFeatureClass" Date="20250217" Time="102906">FeatureClassToFeatureClass "Muirburn Peatland Map 2025" C:\temp\s3uploads\muirburnpeatland\gdb\MUIRBURNPEATLAND_SCOTLAND.gdb MUIRBURNPEATLAND_SCOTLAND # "ID "Id" true true false 4 Long 0 10,First,#,Muirburn Peatland Map 2025,ID,-1,-1;GRIDCODE "gridcode" true true false 4 Long 0 10,First,#,Muirburn Peatland Map 2025,GRIDCODE,-1,-1;PEAT_CLS "peat_cls" true true false 50 Text 0 0,First,#,Muirburn Peatland Map 2025,PEAT_CLS,0,50;SE_ANNO_CAD_DATA "SE_ANNO_CAD_DATA" true true false 0 Blob 0 0,First,#,Muirburn Peatland Map 2025,SE_ANNO_CAD_DATA,-1,-1" #</Process><Process ToolSource="c:\arcgis\arcpro\Resources\ArcToolbox\toolboxes\Data Management Tools.tbx\RepairGeometry" Date="20250217" Time="103610">RepairGeometry C:\temp\s3uploads\muirburnpeatland\gdb\MUIRBURNPEATLAND_SCOTLAND.gdb\MUIRBURNPEATLAND_SCOTLAND DELETE_NULL Esri</Process><Process ToolSource="c:\arcgis\arcpro\Resources\ArcToolbox\toolboxes\Conversion Tools.tbx\FeatureClassToFeatureClass" Date="20250217" Time="103741">FeatureClassToFeatureClass C:\temp\s3uploads\muirburnpeatland\gdb\MUIRBURNPEATLAND_SCOTLAND.gdb\MUIRBURNPEATLAND_SCOTLAND C:\temp\s3uploads\muirburnpeatland\shp MUIRBURNPEATLAND_SCOTLAND # "ID "Id" true true false 4 Long 0 0,First,#,C:\temp\s3uploads\muirburnpeatland\gdb\MUIRBURNPEATLAND_SCOTLAND.gdb\MUIRBURNPEATLAND_SCOTLAND,ID,-1,-1;GRIDCODE "gridcode" true true false 4 Long 0 0,First,#,C:\temp\s3uploads\muirburnpeatland\gdb\MUIRBURNPEATLAND_SCOTLAND.gdb\MUIRBURNPEATLAND_SCOTLAND,GRIDCODE,-1,-1;PEAT_CLS "peat_cls" true true false 50 Text 0 0,First,#,C:\temp\s3uploads\muirburnpeatland\gdb\MUIRBURNPEATLAND_SCOTLAND.gdb\MUIRBURNPEATLAND_SCOTLAND,PEAT_CLS,0,50;Shape_Length "Shape_Length" false true true 8 Double 0 0,First,#,C:\temp\s3uploads\muirburnpeatland\gdb\MUIRBURNPEATLAND_SCOTLAND.gdb\MUIRBURNPEATLAND_SCOTLAND,Shape_Length,-1,-1;Shape_Area "Shape_Area" false true true 8 Double 0 0,First,#,C:\temp\s3uploads\muirburnpeatland\gdb\MUIRBURNPEATLAND_SCOTLAND.gdb\MUIRBURNPEATLAND_SCOTLAND,Shape_Area,-1,-1" #</Process></lineage></DataProperties><scaleRange><minScale>150000000</minScale><maxScale>5000</maxScale></scaleRange><SyncDate>20250217</SyncDate><SyncTime>10361500</SyncTime><ModDate>20250217</ModDate><ModTime>10361500</ModTime><ArcGISProfile>INSPIRE</ArcGISProfile></Esri><mdLang><languageCode value="eng" Sync="TRUE"/><countryCode value="GBR" Sync="TRUE"/></mdLang><mdChar><CharSetCd value="004" Sync="TRUE"/></mdChar><mdHrLv><ScopeCd value="005" Sync="TRUE"/></mdHrLv><mdHrLvName Sync="TRUE">dataset</mdHrLvName><mdDateSt Sync="TRUE">20250217</mdDateSt><dataIdInfo><envirDesc Sync="TRUE">Microsoft Windows 10 Version 10.0 (Build 19045) ; Esri ArcGIS 12.9.4.32739</envirDesc><dataLang><languageCode value="eng" Sync="TRUE"/><countryCode value="GBR" Sync="TRUE"/></dataLang><idCitation xmlns=""><resTitle Sync="FALSE">Muirburn Peatland Map</resTitle><presForm xmlns=""><PresFormCd value="005" Sync="TRUE"/></presForm><date><createDate>2025-02-14T00:00:00</createDate><pubDate>2025-02-17T00:00:00</pubDate><reviseDate>2025-02-14T00:00:00</reviseDate></date></idCitation><spatRpType><SpatRepTypCd value="001" Sync="TRUE"/></spatRpType><dataExt><geoEle xmlns=""><GeoBndBox esriExtentType="search"><exTypeCode Sync="TRUE">1</exTypeCode><westBL Sync="TRUE">-8.341632</westBL><eastBL Sync="TRUE">-0.716968</eastBL><northBL Sync="TRUE">60.861160</northBL><southBL Sync="TRUE">54.548958</southBL></GeoBndBox></geoEle></dataExt><idPurp>NatureScot has prepared a spatial dataset to be used in muirburn license applications. This dataset visualises the extent of land that may be classified 'peatland', as defined in the associated muirburn legislation. The map displays a single field attribute with three classes
defined as:
- Area with no peat: labelled "Non-peatland"
- Area with a peat layer less than 50 cm thick: labelled "Uncertain"
- Area with a peat layer greater or equal to 50 cm thick: labelled "Peatland"
- Area of non soils labelled as "Non-soil"

    </idPurp><idCredit>© SNH (NatureScot) and JHI. Available under the UK Non-Commercial Government Licence - https://www.nationalarchives.gov.uk/doc/non-commercial-government-licence/version/2/ </idCredit><searchKeys><keyword>Peatland</keyword><keyword>Muirburn</keyword><keyword>Scotland</keyword><keyword>Soil</keyword><keyword>Carbon</keyword><keyword>GIG job 123273</keyword><keyword>2025</keyword></searchKeys><resConst><Consts xmlns=""><useLimit>&lt;DIV STYLE="text-align:Left;"&gt;&lt;DIV&gt;&lt;DIV&gt;&lt;P&gt;&lt;SPAN&gt;Available under the UK Non-Commercial Government Licence - https://www.nationalarchives.gov.uk/doc/non-commercial-government-licence/version/2/ &lt;/SPAN&gt;&lt;/P&gt;&lt;/DIV&gt;&lt;/DIV&gt;&lt;/DIV&gt;</useLimit></Consts></resConst><themeKeys xmlns=""><thesaName xmlns=""><resTitle>GEMET - INSPIRE themes, version 1.0</resTitle><citOnlineRes xmlns=""><linkage>http://inspire.ec.europa.eu/theme/so</linkage></citOnlineRes><date><pubDate>2008-06-01T00:00:00</pubDate></date></thesaName><keyword>Soil</keyword></themeKeys><idPoC xmlns=""><rpIndName>Dr Patricia Bruneau </rpIndName><rpOrgName>NatureScot</rpOrgName><rpPosName>Soil Science Advisor</rpPosName><role><RoleCd value="002"/></role><rpCntInfo xmlns=""><cntAddress addressType=""><eMailAdd>Patricia.Bruneau@nature.scot</eMailAdd></cntAddress></rpCntInfo></idPoC><idAbs>&lt;DIV STYLE="text-align:Left;"&gt;&lt;DIV&gt;&lt;P&gt;&lt;SPAN&gt;NatureScot has prepared a spatial dataset to be used in muirburn license applications. This dataset visualises the extent of land that may be classified 'peatland', as defined in the associated muirburn legislation.&lt;/SPAN&gt;&lt;/P&gt;&lt;P&gt;&lt;SPAN&gt;This dataset is derived from outputs of the spatial disaggregation model of the legacy soil map (1:250,000 scale) created by the James Hutton Institute. It is complemented with data from the James Hutton Institute 1:25,000 partial soil coverage map (Soil25K V9d phase 7). (Used with the permission of The James Hutton Institute. All rights reserved).&lt;/SPAN&gt;&lt;/P&gt;&lt;P&gt;&lt;SPAN&gt;The resulting map updates earlier work undertaken by NatureScot for the identification of the distribution of carbon rich soil and is provided as a raster datafile with a resolution of 50 m.&lt;/SPAN&gt;&lt;/P&gt;&lt;P&gt;&lt;SPAN&gt;The map displays a single field attribute with three classes defined as: &lt;/SPAN&gt;&lt;/P&gt;&lt;P&gt;&lt;SPAN&gt;- Area with no peat: labelled ?Non-peatland? "MUIRB_PEAT" Value = 1&lt;/SPAN&gt;&lt;/P&gt;&lt;P&gt;&lt;SPAN&gt;- Area with a peat layer less than 50 cm thick: labelled "Uncertain" "MUIRB_PEAT" Value = 2&lt;/SPAN&gt;&lt;/P&gt;&lt;P&gt;&lt;SPAN&gt;- Area with a peat layer greater or equal to 50 cm thick: labelled "Peatland" "MUIRB_PEAT" Value = 3&lt;/SPAN&gt;&lt;/P&gt;&lt;P&gt;&lt;SPAN&gt;- Area of non soils labelled as "Non-soil"? "MUIRB_PEAT" Value = 9&lt;/SPAN&gt;&lt;/P&gt;&lt;P&gt;&lt;SPAN&gt;The map is intended to be used as a baseline information in the NatureScot Online Licensing System and does not on its own identify areas that may be suitable for muirburn or area that will be defined as peatland under other classification systems.&lt;/SPAN&gt;&lt;/P&gt;&lt;P&gt;&lt;SPAN /&gt;&lt;/P&gt;&lt;P&gt;&lt;SPAN&gt;Additional information:&lt;/SPAN&gt;&lt;/P&gt;&lt;P&gt;&lt;SPAN&gt;Gagkas Z. &amp;amp; Lilly A. Spatial disaggregation of a legacy soil map to support digital soil and land evaluation assessments in Scotland July 2024 Geoderma Regional 38(2):e00833 DOI: https://www.sciencedirect.com/science/article/pii/S2352009424000804&lt;/SPAN&gt;&lt;/P&gt;&lt;P&gt;&lt;SPAN /&gt;&lt;/P&gt;&lt;P&gt;&lt;SPAN /&gt;&lt;/P&gt;&lt;/DIV&gt;&lt;/DIV&gt;</idAbs><idPoC xmlns=""><editorSource>external</editorSource><editorDigest>7c5629440e3ba9fa262379fdde4839a98f2675a7</editorDigest><rpIndName>GIG Data Supply</rpIndName><rpOrgName>NatureScot</rpOrgName><rpCntInfo xmlns=""><cntAddress addressType=""><eMailAdd>data_supply@nature.scot</eMailAdd></cntAddress></rpCntInfo><editorSave>True</editorSave><displayName>GIG Data Supply</displayName><role><RoleCd value="007"/></role></idPoC><resConst><LegConsts xmlns=""><inspireAccessUseConditions><ConditionsAccUseCd value="001"/></inspireAccessUseConditions></LegConsts></resConst><resConst><LegConsts xmlns=""><inspirePublicAccessLimits><PublicAccessCd value="001"/></inspirePublicAccessLimits></LegConsts></resConst><resConst><LegConsts xmlns=""><accessConsts><RestrictCd value="008"/></accessConsts><othConsts>Available under the UK Non-Commercial Government Licence - https://www.nationalarchives.gov.uk/doc/non-commercial-government-licence/version/2/ </othConsts></LegConsts></resConst><tpCat><TopicCatCd value="002"/></tpCat><tpCat><TopicCatCd value="007"/></tpCat></dataIdInfo><spatRepInfo><Georect><cellGeo><CellGeoCd Sync="TRUE" value="002"/></cellGeo><numDims Sync="TRUE">2</numDims><tranParaAv Sync="TRUE">1</tranParaAv><chkPtAv Sync="TRUE">0</chkPtAv><cornerPts><pos Sync="TRUE">54250.000000 530200.000000</pos></cornerPts><cornerPts><pos Sync="TRUE">54250.000000 1219750.000000</pos></cornerPts><cornerPts><pos Sync="TRUE">469700.000000 1219750.000000</pos></cornerPts><cornerPts><pos Sync="TRUE">469700.000000 530200.000000</pos></cornerPts><centerPt><pos Sync="TRUE">261975.000000 874975.000000</pos></centerPt><axisDimension type="002"><dimSize Sync="TRUE">8309</dimSize><dimResol><value Sync="TRUE" uom="m">50.000000</value></dimResol></axisDimension><axisDimension type="001"><dimSize Sync="TRUE">13791</dimSize><dimResol><value Sync="TRUE" uom="m">50.000000</value></dimResol></axisDimension><ptInPixel><PixOrientCd Sync="TRUE" value="001"/></ptInPixel></Georect><VectSpatRep><geometObjs Name="MUIRBURNPEATLAND_SCOTLAND"><geoObjTyp><GeoObjTypCd value="002" Sync="TRUE"></GeoObjTypCd></geoObjTyp><geoObjCnt Sync="TRUE">0</geoObjCnt></geometObjs><topLvl><TopoLevCd value="001" Sync="TRUE"></TopoLevCd></topLvl></VectSpatRep></spatRepInfo><refSysInfo><RefSystem><refSysID><identCode code="27700" Sync="TRUE"/><idCodeSpace Sync="TRUE">EPSG</idCodeSpace><idVersion Sync="TRUE">6.3(3.0.1)</idVersion></refSysID></RefSystem></refSysInfo><eainfo><detailed Name="MUIRBURNPEATLAND_SCOTLAND" xmlns=""><enttyp><enttypl Sync="TRUE">MUIRBURNPEATLAND_SCOTLAND</enttypl><enttypt Sync="TRUE">Feature Class</enttypt><enttypc Sync="TRUE">0</enttypc></enttyp><attr><attrlabl Sync="TRUE">FID</attrlabl><attalias Sync="TRUE">FID</attalias><attrtype Sync="TRUE">OID</attrtype><attwidth Sync="TRUE">4</attwidth><atprecis Sync="TRUE">0</atprecis><attscale Sync="TRUE">0</attscale><attrdef Sync="TRUE">Internal feature number.</attrdef><attrdefs Sync="TRUE">Esri</attrdefs><attrdomv><udom Sync="TRUE">Sequential unique whole numbers that are automatically generated.</udom></attrdomv></attr><attr><attrlabl Sync="TRUE">Shape</attrlabl><attalias Sync="TRUE">Shape</attalias><attrtype Sync="TRUE">Geometry</attrtype><attwidth Sync="TRUE">0</attwidth><atprecis Sync="TRUE">0</atprecis><attscale Sync="TRUE">0</attscale><attrdef Sync="TRUE">Feature geometry.</attrdef><attrdefs Sync="TRUE">Esri</attrdefs><attrdomv><udom Sync="TRUE">Coordinates defining the features.</udom></attrdomv></attr><attr><attrlabl Sync="TRUE">Id</attrlabl><attalias Sync="TRUE">ID</attalias><attrtype Sync="TRUE">Integer</attrtype><attwidth Sync="TRUE">10</attwidth><atprecis Sync="TRUE">10</atprecis><attscale Sync="TRUE">0</attscale></attr><attr><attrlabl Sync="TRUE">gridcode</attrlabl><attalias Sync="TRUE">GRIDCODE</attalias><attrtype Sync="TRUE">Integer</attrtype><attwidth Sync="TRUE">10</attwidth><atprecis Sync="TRUE">10</atprecis><attscale Sync="TRUE">0</attscale></attr><attr><attrlabl Sync="TRUE">peat_cls</attrlabl><attalias Sync="TRUE">PEAT_CLS</attalias><attrtype Sync="TRUE">String</attrtype><attwidth Sync="TRUE">50</attwidth><atprecis Sync="TRUE">0</atprecis><attscale Sync="TRUE">0</attscale></attr><attr><attrlabl Sync="TRUE">Shape_Leng</attrlabl><attalias Sync="TRUE">Shape_Leng</attalias><attrtype Sync="TRUE">Double</attrtype><attwidth Sync="TRUE">19</attwidth><atprecis Sync="TRUE">0</atprecis><attscale Sync="TRUE">0</attscale></attr><attr><attrlabl Sync="TRUE">Shape_Area</attrlabl><attalias Sync="TRUE">Shape_Area</attalias><attrtype Sync="TRUE">Double</attrtype><attwidth Sync="TRUE">19</attwidth><atprecis Sync="TRUE">0</atprecis><attscale Sync="TRUE">0</attscale><attrdef Sync="TRUE">Area of feature in internal units squared.</attrdef><attrdefs Sync="TRUE">Esri</attrdefs><attrdomv><udom Sync="TRUE">Positive real numbers that are automatically generated.</udom></attrdomv></attr></detailed></eainfo><spdoinfo><rastinfo><rasttype Sync="TRUE">Pixel</rasttype><rowcount Sync="TRUE">13791</rowcount><colcount Sync="TRUE">8309</colcount><rastxsz Sync="TRUE">50.000000</rastxsz><rastysz Sync="TRUE">50.000000</rastysz><rastbpp Sync="TRUE">8</rastbpp><vrtcount Sync="TRUE">1</vrtcount><rastorig Sync="TRUE">Upper Left</rastorig><rastcmap Sync="TRUE">FALSE</rastcmap><rastcomp Sync="TRUE">LZ77</rastcomp><rastband Sync="TRUE">1</rastband><rastdtyp Sync="TRUE">pixel codes</rastdtyp><rastifor Sync="TRUE">SDR</rastifor><rastplyr Sync="TRUE">TRUE</rastplyr></rastinfo><ptvctinf><esriterm Name="MUIRBURNPEATLAND_SCOTLAND"><efeatyp Sync="TRUE">Simple</efeatyp><efeageom code="4" Sync="TRUE"></efeageom><esritopo Sync="TRUE">FALSE</esritopo><efeacnt Sync="TRUE">0</efeacnt><spindex Sync="TRUE">FALSE</spindex><linrefer Sync="TRUE">FALSE</linrefer></esriterm></ptvctinf></spdoinfo><spref><horizsys><planar><planci><plance Sync="TRUE">row and column</plance><coordrep><absres Sync="TRUE">50.000000</absres><ordres Sync="TRUE">50.000000</ordres></coordrep></planci></planar></horizsys></spref><mdContact xmlns=""><rpIndName>GIG Data Supply</rpIndName><rpOrgName>NatureScot</rpOrgName><role><RoleCd value="007"/></role><rpCntInfo xmlns=""><cntAddress addressType=""><eMailAdd>data_supply@nature.scot</eMailAdd></cntAddress></rpCntInfo></mdContact><mdMaint xmlns=""><maintFreq><MaintFreqCd value="011"/></maintFreq></mdMaint><dqInfo xmlns=""><dqScope><scpLvl><ScopeCd value="005"></ScopeCd></scpLvl></dqScope><dataLineage><statement>Vectorised version of original raster output</statement></dataLineage></dqInfo><distInfo><distFormat><formatName Sync="TRUE">Shapefile</formatName></distFormat><distTranOps><transSize Sync="TRUE">0.000</transSize></distTranOps></distInfo></metadata>
